geo,Albania,Kosovo*,Montenegro,North Macedonia,Serbia,Türkiye,United States
Albania,1.0,0.9892857028646145,0.9820898722312174,0.9862408420037615,0.9899220521827443,0.9356563526215388,0.9907378630940856
Kosovo*,0.9892857028646145,1.0,0.9884916841384418,0.9934905512125309,0.9891827717183362,0.929774509885586,0.99418081961654
Montenegro,0.9820898722312174,0.9884916841384418,1.0,0.99831348827997,0.9966201772115073,0.9635531728764044,0.9764162255034743
North Macedonia,0.9862408420037615,0.9934905512125309,0.99831348827997,1.0,0.9974242410988245,0.9622516172557671,0.9826971896355956
Serbia,0.9899220521827443,0.9891827717183362,0.9966201772115073,0.9974242410988245,1.0,0.9650815588275654,0.9816064222094816
Türkiye,0.9356563526215388,0.929774509885586,0.9635531728764044,0.9622516172557671,0.9650815588275654,1.0,0.9150186783679428
United States,0.9907378630940856,0.99418081961654,0.9764162255034743,0.9826971896355956,0.9816064222094816,0.9150186783679428,1.0
